#;Bounding box coordinates;Accuracy
Rose #1;[0.43629843 0.69746554 0.61772543 0.8675442 ];0.87
Rose #2;[0.54543364 0.5252988  0.71921396 0.6715823 ];0.84
Rose #3;[0.68921864 0.36191505 0.84649575 0.46156865];0.67
Rose #4;[0.21845435 0.64744556 0.38136464 0.78022087];0.63
